{
  "project_info": {
    "project_number": "1016293313477",
    "firebase_url": "https://repmonk-1.firebaseio.com",
    "project_id": "repmonk-1",
    "storage_bucket": "repmonk-1.appspot.com"
  },
  "client": [
    {
      "client_info": {
        "mobilesdk_app_id": "1:1016293313477:android:9afaadd776d17bda",
        "android_client_info": {
          "package_name": "com.repmonk.arnie_android"
        }
      },
      "oauth_client": [
        {
          "client_id": "1016293313477-vubdo3lju8lvss7e6h7dljb7rtl8uibt.apps.googleusercontent.com",
          "client_type": 1,
          "android_info": {
            "package_name": "com.repmonk.arnie_android",
            "certificate_hash": "dcb2f338d5b2a2af52a220e1e61a4ec08a673587"
          }
        },
        {
          "client_id": "1016293313477-nm8b4r1o1djbhm99opttfsie7vkhjtui.apps.googleusercontent.com",
          "client_type": 3
        }
      ],
      "api_key": [
        {
          "current_key": "AIzaSyBeRaXq-6LuJSZN4olV4bAL3k4jerXdy34"
        }
      ],
      "services": {
        "analytics_service": {
          "status": 1
        },
        "appinvite_service": {
          "status": 2,
          "other_platform_oauth_client": [
            {
              "client_id": "1016293313477-hv8d00avso4i8occipcnpmkq3egvpl07.apps.googleusercontent.com",
              "client_type": 2,
              "ios_info": {
                "bundle_id": "com.repmonk.MetaWearAPITest"
              }
            },
            {
              "client_id": "1016293313477-nm8b4r1o1djbhm99opttfsie7vkhjtui.apps.googleusercontent.com",
              "client_type": 3
            }
          ]
        },
        "ads_service": {
          "status": 2
        }
      }
    }
  ],
  "configuration_version": "1"
}